var1,var2,n,pearson,spearman,MI,NMI,abs_gap_pear_spear,rank_pearson,rank_NMI,rank_gap
price_clean,accommodates,18972,0.5853360108714557,0.6822520773467146,0.26916390239012106,0.14861717028757662,0.09691606647525886,2.0,5.0,3.0
price_clean,bedrooms_imputed,18972,0.5849664879790426,0.6548458947127208,0.2849958411003958,0.16448171420822527,0.0698794067336782,3.0,3.0,0.0
price_clean,bathrooms_num,18972,0.3585086156772848,0.39480019989939025,0.1269641238525233,0.08007833862913999,0.03629158422210543,6.0,6.0,0.0
price_clean,dist_cbd_km,18972,0.06426619795539952,-0.050238005849314774,0.05534587173407857,0.02403667550637344,0.1145042038047143,11.0,9.0,2.0
price_clean,review_scores_rating,16266,0.08923965499022156,0.08824597683284914,0.015658359654586132,0.007302665488070122,0.0009936781573724185,9.0,12.0,3.0
accommodates,bedrooms_imputed,18972,0.8504972695830404,0.8588065531556744,0.6322262594716144,0.5093352557417689,0.008309283572634052,1.0,1.0,0.0
accommodates,bathrooms_num,18972,0.48429293760665454,0.5100799880833057,0.17115552667734932,0.15643698212728824,0.02578705047665114,5.0,4.0,1.0
accommodates,dist_cbd_km,18972,0.13734199135304612,-0.011444892490302675,0.045949530455640084,0.025370411211647542,0.1487868838433488,8.0,8.0,0.0
accommodates,review_scores_rating,16266,0.019866695523948683,-0.013720728062739945,0.002742693296711507,0.0016522085478938465,0.033587423586688626,14.0,15.0,1.0
bedrooms_imputed,bathrooms_num,18972,0.5578531223963142,0.5818914576654115,0.22039921711487895,0.21700232690545046,0.024038335269097266,4.0,2.0,2.0
bedrooms_imputed,dist_cbd_km,18972,0.202247550356978,0.08756566228196251,0.06644944896983626,0.03834992172245425,0.11468188807501549,7.0,7.0,0.0
bedrooms_imputed,review_scores_rating,16266,0.019190928748496094,0.01023538663020328,0.004007772105001764,0.0025408447900665634,0.008955542118292815,15.0,13.0,2.0
bathrooms_num,dist_cbd_km,18972,0.07469062482520304,0.10366256391140564,0.02286817217766968,0.014423110382872579,0.028971939086202603,10.0,10.0,0.0
bathrooms_num,review_scores_rating,16266,-0.025125016204984394,0.02427773227341072,0.0029288905135954717,0.002057976718695117,0.04940274847839511,13.0,14.0,1.0
dist_cbd_km,review_scores_rating,16266,0.05831634676468144,0.1212284051235698,0.0196345587342777,0.009157053371580775,0.06291205835888836,12.0,11.0,1.0
