feature,MI,NMI,filter_rank,tree_importance,embedded_rank,rank_gap
property_type_group,0.23726224054081327,0.1963561001668701,1,0.19569754859253544,2,1
bedrooms_imputed,0.2351687389201119,0.20818051262597811,2,0.11833659264666753,3,1
accommodates,0.2267697331655833,0.18766193151316504,3,0.43049451488342233,1,-2
beds_imputed,0.12598913155506297,0.12342741732654325,4,0.005836090032328541,11,7
bathrooms_num,0.09338907630189776,0.09506624891462395,5,0.027339593570903122,8,3
dist_cbd_km,0.02885855851845913,0.0169696467316897,6,0.04839640892090427,5,-1
availability_365,0.02463472567184702,0.014501300163255664,7,0.03608708294517488,6,-1
log_minimum_nights,0.017258277256245257,0.01866158192659035,8,0.03218082298284652,7,-1
log_host_listings_count,0.01643823421789896,0.01084364509420277,9,0.0570803968034838,4,-5
log_number_of_reviews,0.016087252896869603,0.009883205029440569,10,0.02692600598333006,9,-1
review_scores_rating_imp,0.010956765732121392,0.006908555656985123,11,0.01734546352518839,10,-1
has_rating,0.006743915874627568,0.008926038026471175,12,0.0010986541560460829,13,1
superhost_flag,0.00371206977085356,0.00420808031638082,13,0.003180824957168918,12,-1
