knn,dt,oob_share
0.6813,0.6763,0.3653
0.6959,0.6626,0.3707
0.6871,0.6801,0.3714
0.6938,0.681,0.3669
0.6805,0.6723,0.3654
0.6938,0.6686,0.368
0.6832,0.6725,0.367
0.6813,0.6726,0.3664
0.6908,0.6748,0.3682
0.7064,0.685,0.3671
0.6886,0.68,0.3632
0.6879,0.6722,0.3689
0.6939,0.6876,0.3628
0.6874,0.6716,0.3725
0.6906,0.6773,0.3632
0.6891,0.6835,0.3718
0.7002,0.6766,0.3737
0.6919,0.6818,0.3675
0.69,0.6794,0.372
0.6961,0.6828,0.3667
0.6829,0.664,0.3699
0.69,0.6689,0.3677
0.6903,0.6755,0.3642
0.6825,0.6831,0.3671
0.6939,0.6749,0.3692
0.6899,0.6757,0.37
0.6966,0.6819,0.3681
0.6914,0.6726,0.3702
0.691,0.6774,0.3692
0.691,0.6786,0.3699
0.6928,0.6829,0.3704
0.6962,0.6843,0.3683
0.6889,0.6819,0.3714
0.6879,0.6772,0.3706
0.6851,0.668,0.3652
0.6954,0.6722,0.3644
0.6765,0.6803,0.3636
0.6783,0.6616,0.3686
0.6896,0.6792,0.3735
0.6862,0.6692,0.3663
0.6846,0.6801,0.3671
0.6883,0.6754,0.3692
0.6923,0.6759,0.3686
0.6836,0.6918,0.37
0.6874,0.6734,0.369
0.6846,0.6795,0.3671
0.6916,0.6851,0.3717
0.6955,0.6854,0.3673
0.6843,0.6684,0.3645
0.6935,0.6746,0.3684
0.6949,0.6784,0.3628
0.6936,0.6765,0.3691
0.6861,0.6727,0.3693
0.6886,0.6915,0.3704
0.6865,0.679,0.3694
0.6882,0.678,0.3624
0.6919,0.6878,0.3726
0.6881,0.6734,0.3673
0.6968,0.6874,0.3648
0.6957,0.6724,0.3655
0.6924,0.6804,0.3702
0.6855,0.6588,0.3655
0.6955,0.6745,0.3676
0.6954,0.6721,0.3687
0.6881,0.6749,0.3668
0.688,0.6764,0.3688
0.6941,0.6708,0.3659
0.6936,0.6799,0.3667
0.6925,0.6836,0.3656
0.7039,0.6817,0.3642
0.6971,0.6727,0.3708
0.6916,0.6738,0.3694
0.6853,0.6763,0.3642
0.684,0.6809,0.3696
0.6865,0.6771,0.3629
0.7031,0.6817,0.3661
0.6868,0.6801,0.3694
0.6881,0.6811,0.3675
0.6911,0.6772,0.3636
0.6903,0.6805,0.3663
0.6805,0.673,0.3697
0.6837,0.6752,0.364
0.6893,0.6736,0.3691
0.701,0.6866,0.3657
0.6937,0.6727,0.3674
0.6906,0.6836,0.364
0.6932,0.679,0.3676
0.6915,0.6767,0.3665
0.6907,0.6775,0.3673
0.6803,0.6795,0.3692
0.6878,0.6811,0.3701
0.6916,0.6774,0.369
0.7027,0.6814,0.3693
0.6938,0.6844,0.3683
0.6944,0.6738,0.3655
0.6845,0.6723,0.3661
0.6948,0.6786,0.3688
0.6972,0.6822,0.3681
0.7039,0.6806,0.3702
0.6893,0.6694,0.3692
0.6875,0.6757,0.3655
0.6884,0.6695,0.3666
0.6954,0.6872,0.3652
0.6942,0.6745,0.3686
0.6908,0.6795,0.3706
0.6855,0.672,0.3653
0.6974,0.6808,0.3657
0.6901,0.6788,0.3645
0.701,0.6804,0.3685
0.6961,0.6783,0.3634
0.6915,0.6779,0.372
0.697,0.6806,0.3668
0.6924,0.6758,0.3692
0.6853,0.6759,0.3709
0.691,0.6597,0.3673
0.6856,0.6777,0.3691
0.6953,0.6856,0.371
0.6889,0.6744,0.3656
0.6951,0.6842,0.3644
0.6825,0.6687,0.3658
0.695,0.6921,0.3659
0.6882,0.6753,0.3683
0.6884,0.6755,0.3644
0.6863,0.6717,0.3687
0.6822,0.6749,0.3658
0.6926,0.6775,0.371
0.6927,0.6723,0.3698
0.6921,0.6724,0.3687
0.6915,0.6718,0.3681
0.6804,0.6696,0.3661
0.6979,0.6781,0.3651
0.6966,0.669,0.3634
0.6906,0.6717,0.3636
0.702,0.6766,0.3696
0.697,0.6805,0.3692
0.6898,0.6779,0.3692
0.6823,0.6794,0.3728
0.6862,0.6774,0.3669
0.6976,0.6799,0.3709
0.6915,0.6848,0.3688
0.6968,0.6795,0.3701
0.6927,0.6822,0.3718
0.6918,0.6759,0.3719
0.6893,0.6881,0.3692
0.6932,0.6933,0.3639
0.7004,0.6858,0.3705
0.6884,0.6827,0.3665
0.6961,0.6722,0.3728
0.695,0.6787,0.3684
0.6913,0.6739,0.3679
0.6878,0.6732,0.3677
0.6906,0.6788,0.3638
0.6978,0.6873,0.3691
0.6847,0.6722,0.3648
0.6882,0.6652,0.3688
0.6863,0.6721,0.3657
0.6911,0.6784,0.3673
0.6887,0.6743,0.3692
0.6937,0.6825,0.3658
0.692,0.6719,0.3645
0.6879,0.6821,0.3715
0.6966,0.6786,0.3667
0.6897,0.6707,0.3676
0.6931,0.6802,0.3652
0.6927,0.6814,0.3713
0.686,0.6739,0.3681
0.6938,0.6785,0.3684
0.6728,0.6614,0.3717
0.6993,0.6785,0.3681
0.6903,0.69,0.3697
0.6847,0.6729,0.368
0.6876,0.6715,0.3635
0.6926,0.6744,0.3676
0.6894,0.6768,0.3704
0.6939,0.676,0.3654
0.6971,0.6764,0.3685
0.6908,0.6784,0.3679
0.6802,0.6699,0.3723
0.6826,0.6785,0.3637
0.6978,0.6854,0.3653
0.6875,0.6758,0.3684
0.6814,0.67,0.3683
0.6878,0.6661,0.3709
0.6846,0.686,0.3724
0.6891,0.6725,0.3703
0.6873,0.6731,0.3632
0.6881,0.679,0.3656
0.6941,0.6778,0.3686
0.6905,0.6856,0.3678
0.6922,0.672,0.364
0.6984,0.6801,0.3669
0.6912,0.6839,0.3682
0.6963,0.6841,0.3668
0.6955,0.6739,0.3654
0.686,0.6649,0.3673
0.6937,0.6749,0.3678
0.6856,0.6801,0.3675
0.6818,0.6724,0.3687
0.6917,0.6824,0.3658
0.6969,0.6688,0.3707
