max_depth,min_samples_leaf,cv_macro_f1,cv_std
2,1,0.6041,0.0058
2,5,0.6041,0.0058
2,10,0.6041,0.0058
2,20,0.6041,0.0058
2,50,0.6041,0.0058
2,100,0.6041,0.0058
3,1,0.6426,0.0032
3,5,0.6426,0.0032
3,10,0.6426,0.0032
3,20,0.6426,0.0032
3,50,0.6426,0.0032
3,100,0.6426,0.0032
4,1,0.664,0.0036
4,5,0.664,0.0036
4,10,0.664,0.0036
4,20,0.6639,0.0035
4,50,0.6639,0.0035
4,100,0.6639,0.0035
5,1,0.6675,0.006
5,5,0.6672,0.0063
5,10,0.6671,0.0064
5,20,0.6666,0.0066
5,50,0.6665,0.0065
5,100,0.6657,0.0054
6,1,0.6715,0.0053
6,5,0.6721,0.0057
6,10,0.6721,0.0057
6,20,0.6723,0.0056
6,50,0.6724,0.0057
6,100,0.6732,0.005
8,1,0.6797,0.006
8,5,0.6791,0.005
8,10,0.6798,0.0065
8,20,0.6792,0.005
8,50,0.6777,0.0046
8,100,0.6772,0.0042
10,1,0.6812,0.0068
10,5,0.682,0.006
10,10,0.684,0.0066
10,20,0.686,0.0066
10,50,0.6813,0.0066
10,100,0.6787,0.004
12,1,0.6729,0.0057
12,5,0.6738,0.0046
12,10,0.6772,0.0028
12,20,0.6832,0.009
12,50,0.6802,0.004
12,100,0.6791,0.0041
15,1,0.6613,0.0054
15,5,0.6628,0.0074
15,10,0.671,0.0057
15,20,0.6833,0.0103
15,50,0.6795,0.005
15,100,0.6774,0.004
20,1,0.6417,0.004
20,5,0.6457,0.007
20,10,0.6567,0.0034
20,20,0.6771,0.0084
20,50,0.6785,0.0048
20,100,0.6774,0.004
None,1,0.6281,0.0103
None,5,0.6361,0.0077
None,10,0.6559,0.0018
None,20,0.677,0.0081
None,50,0.6785,0.0048
None,100,0.6774,0.004
