n_neighbors,weights,cv_macro_f1,cv_std
1,uniform,0.6455,0.0062
1,distance,0.6455,0.0062
3,uniform,0.6607,0.006
3,distance,0.6671,0.0076
5,uniform,0.6773,0.0039
5,distance,0.6789,0.0045
7,uniform,0.683,0.0043
7,distance,0.6835,0.0032
9,uniform,0.6872,0.0043
9,distance,0.6915,0.0024
11,uniform,0.6891,0.0026
11,distance,0.6952,0.0032
15,uniform,0.6902,0.0055
15,distance,0.6959,0.0044
21,uniform,0.6911,0.0058
21,distance,0.6973,0.0062
31,uniform,0.6893,0.0061
31,distance,0.6978,0.0048
41,uniform,0.6878,0.0047
41,distance,0.6979,0.0044
51,uniform,0.6862,0.006
51,distance,0.6985,0.0051
75,uniform,0.6832,0.0062
75,distance,0.6951,0.0058
101,uniform,0.6811,0.0066
101,distance,0.6949,0.0064
